"","a","b","minx","slope0","xmost","ymost","midflat","midz1","midz2","ratio","xc"
"1",-0.369669778170118,0.0542314483969931,1,-0.261206881376132,3.75,3.39830672200988,3.75,1.70718812508371,3.92559158537846,0.303080932121813,3.875
